Workbook

Sheet BAO_GIA
A1: Bên B | F1: Số HĐ: HĐ-01
F2: Ngày HĐ:
A4: BẢNG BÁO GIÁ CHI TIẾT HỢP ĐỒNG
A6: Dự án: | B6: Test Project
A7: Bên A: | B7: Client A | D7: Bên B:
A9: STT | B9: Hạng mục công việc | C9: ĐVT | D9: KL Dự toán | E9: Đơn giá (VNĐ) | F9: Thành tiền (VNĐ)
A10: 1 | B10: Sơn lại tường trong nhà (2 lớp lót + 2 lớp phủ) | C10: m2 | D10: 320 | E10: 65000 | F10: =D10*E10
A11: 2 | B11: Thay trần thạch cao vuông 60x60 | C11: m2 | D11: 150 | E11: 280000 | F11: =D11*E11
A12: 3 | B12: Lát sàn gạch ceramic 60x60 | C12: m2 | D12: 85 | E12: 320000 | F12: =D12*E12
A13: 4 | B13: Thay cửa nhựa lõi thép - cửa đi 90x210 | C13: cái | D13: 4 | E13: 3800000 | F13: =D13*E13
A14: 5 | B14: Thay kính cửa sổ cường lực 8mm | C14: m2 | D14: 18 | E14: 750000 | F14: =D14*E14
A15: TỔNG CỘNG | F15: =SUM(F10:F14)
A16: Chi phí quản lý (5%) | F16: =F15*0.05
A17: Thuế VAT (10%) | F17: =(F15+F16)*0.10
A18: TỔNG GIÁ TRỊ HỢP ĐỒNG | F18: =F15+F16+F17

Sheet NGHIEM_THU
A1: Bên B | H1: Căn cứ HĐ số: HĐ-01
A3: BIÊN BẢN NGHIỆM THU KHỐI LƯỢNG HOÀN THÀNH
A5: Dự án: | B5: Test Project
A7: STT | B7: Hạng mục công việc | C7: ĐVT | D7: KL theo HĐ | E7: KL thực hiện | F7: Đơn giá (VNĐ) | G7: Thành tiền (VNĐ) | H7: Ghi chú
A8: 1 | B8: Sơn lại tường trong nhà (2 lớp lót + 2 lớp phủ) | C8: m2 | D8: =BAO_GIA!D10 | E8: 320 | F8: =BAO_GIA!E10 | G8: =E8*F8 | H8: =IF(E8>=D8, "Đạt", "Thiếu " & TEXT(D8-E8, "#,##0"))
A9: 2 | B9: Thay trần thạch cao vuông 60x60 | C9: m2 | D9: =BAO_GIA!D11 | E9: 150 | F9: =BAO_GIA!E11 | G9: =E9*F9 | H9: =IF(E9>=D9, "Đạt", "Thiếu " & TEXT(D9-E9, "#,##0"))
A10: 3 | B10: Lát sàn gạch ceramic 60x60 | C10: m2 | D10: =BAO_GIA!D12 | E10: 85 | F10: =BAO_GIA!E12 | G10: =E10*F10 | H10: =IF(E10>=D10, "Đạt", "Thiếu " & TEXT(D10-E10, "#,##0"))
A11: 4 | B11: Thay cửa nhựa lõi thép - cửa đi 90x210 | C11: cái | D11: =BAO_GIA!D13 | E11: 4 | F11: =BAO_GIA!E13 | G11: =E11*F11 | H11: =IF(E11>=D11, "Đạt", "Thiếu " & TEXT(D11-E11, "#,##0"))
A12: 5 | B12: Thay kính cửa sổ cường lực 8mm | C12: m2 | D12: =BAO_GIA!D14 | E12: 18 | F12: =BAO_GIA!E14 | G12: =E12*F12 | H12: =IF(E12>=D12, "Đạt", "Thiếu " & TEXT(D12-E12, "#,##0"))
A13: TỔNG CỘNG KHỐI LƯỢNG NGHIỆM THU | G13: =SUM(G8:G12)

Sheet QUYET_TOAN_AB
A1: BIÊN BẢN QUYẾT TOÁN HỢP ĐỒNG (A-B)
A3: STT | B3: Hạng mục | C3: KL HĐ | D3: Đơn giá HĐ | E3: GT Hợp đồng | F3: KL Thực hiện | G3: GT Thực hiện | H3: Chênh lệch
A4: 1 | B4: Sơn lại tường trong nhà (2 lớp lót + 2 lớp phủ) | C4: =BAO_GIA!D10 | D4: =BAO_GIA!E10 | E4: =C4*D4 | F4: =NGHIEM_THU!E8 | G4: =F4*D4 | H4: =G4-E4
A5: 2 | B5: Thay trần thạch cao vuông 60x60 | C5: =BAO_GIA!D11 | D5: =BAO_GIA!E11 | E5: =C5*D5 | F5: =NGHIEM_THU!E9 | G5: =F5*D5 | H5: =G5-E5
A6: 3 | B6: Lát sàn gạch ceramic 60x60 | C6: =BAO_GIA!D12 | D6: =BAO_GIA!E12 | E6: =C6*D6 | F6: =NGHIEM_THU!E10 | G6: =F6*D6 | H6: =G6-E6
A7: 4 | B7: Thay cửa nhựa lõi thép - cửa đi 90x210 | C7: =BAO_GIA!D13 | D7: =BAO_GIA!E13 | E7: =C7*D7 | F7: =NGHIEM_THU!E11 | G7: =F7*D7 | H7: =G7-E7
A8: 5 | B8: Thay kính cửa sổ cường lực 8mm | C8: =BAO_GIA!D14 | D8: =BAO_GIA!E14 | E8: =C8*D8 | F8: =NGHIEM_THU!E12 | G8: =F8*D8 | H8: =G8-E8
A9: TỔNG CỘNG | E9: =SUM(E4:E8) | G9: =SUM(G4:G8) | H9: =G9-E9

Sheet DE_NGHI_TT
A1: ĐỀ NGHỊ THANH TOÁN
A3: Kính gửi: | B3: Client A
A4: Dự án: | B4: Test Project
A5: Bên đề nghị:
A6: Hợp đồng số: | B6: HĐ-01 ký ngày
A9: Nội dung thanh toán | D9: Giá trị (VNĐ)
A10: 1. Giá trị KL hoàn thành thực tế (trước thuế) | D10: =QUYET_TOAN_AB!G9
A11: 2. Giá trị KL công việc phát sinh | D11: 0
A12: 3. Giảm trừ tiền tạm ứng đã nhận | D12: 0
A13: 4. Cộng giá trị đề nghị thanh toán (trước VAT) | D13: =SUM(D10:D12)
A14: 5. Thuế GTGT (10%) | D14: =D13*0.1
A15: 6. TỔNG CỘNG TIỀN ĐỀ NGHỊ THANH TOÁN (SAU VAT) | D15: =D13+D14
A17: Hình thức thanh toán: Chuyển khoản
A18: Tài khoản thụ hưởng: 0123 tại Bank

Sheet BANG_KE_HDGTGT
A1: BẢNG KÊ HÓA ĐƠN GIÁ TRỊ GIA TĂNG (GTGT)
A4: STT | B4: Số hóa đơn | C4: Ngày hóa đơn | D4: Tên người bán/Nhà cung cấp | E4: Loại chi phí | F4: Trước thuế (VNĐ) | G4: Thuế suất | H4: Tiền thuế (VNĐ) | I4: Tổng thanh toán (VNĐ)
A5: TỔNG CỘNG | F5: =SUM(F5:F4) | H5: =SUM(H5:H4) | I5: =SUM(I5:I4)
